{"labels_3d": [0, 0, 0, 0, 0, 0, 0, 0, 0, 0], "scores_3d": [0.9750170707702637, 0.968178927898407, 0.9457358717918396, 0.8904195427894592, 0.8889533281326294, 0.770359218120575, 0.7551918625831604, 0.7058315873146057, 0.5814981460571289, 0.4409697353839874], "bboxes_3d": [[14.758340835571289, -1.0538733005523682, -1.5589303970336914, 3.7562038898468018, 1.6059954166412354, 1.5587290525436401, -0.31324076652526855], [6.437809467315674, -3.8678970336914062, -1.7354698181152344, 3.1477577686309814, 1.4600365161895752, 1.428458571434021, -0.2996114492416382], [8.112318992614746, 1.216994047164917, -1.6340508460998535, 3.6662368774414062, 1.573129415512085, 1.5916448831558228, 2.8161728382110596], [20.16983985900879, -8.431021690368652, -1.6689798831939697, 2.3815741539001465, 1.5175374746322632, 1.5693358182907104, -0.3255314826965332], [33.45577621459961, -7.035625457763672, -1.3376491069793701, 4.213857173919678, 1.7446383237838745, 1.6696979999542236, 2.8286447525024414], [55.62187576293945, -20.32844352722168, -1.377079725265503, 4.370701789855957, 1.7359611988067627, 1.706702709197998, 2.8504085540771484], [3.6377968788146973, 2.7381269931793213, -1.689180612564087, 3.7209126949310303, 1.582008957862854, 1.5177210569381714, -0.2304394245147705], [25.04092788696289, -10.15638256072998, -1.6325526237487793, 3.7393691539764404, 1.608505129814148, 1.4839874505996704, -0.32967615127563477], [28.725175857543945, -1.5525397062301636, -1.2024049758911133, 3.694260358810425, 1.5429843664169312, 1.5610440969467163, 1.2416611909866333], [40.870849609375, -9.749043464660645, -1.3669037818908691, 3.833279848098755, 1.6528730392456055, 1.569942593574524, -0.28838372230529785]], "box_type_3d": "LiDAR"}